,created_at,from_user_name,from_user_id,from_user_realname,party,region,text
18840229,2020-06-10 13:32:30,GoTracz,3308133795,Małgorzata Tracz,Civic Coalition,,"Na terenach podmokłych #Wrocław przy Ślęzy i L. Kuźnickim powstaje osiedle. 

@pawelpomian: ""Jest to niezgodne z polityką klimatyczną. Dziś powinniśmy rozmawiać jak takie tereny objąć większą troską, jak chronić ich bioróżnorodność i gatunki zwierząt chronionych, które tam żyją."""
19032958,2020-06-17 19:57:12,OlekMiszalski,121373807,Aleksander Miszalski,Civic Coalition,,"Póki co to dolary i euro przyciąga jedynie Poseł Horała i jego koledzy z zarządu i rady nadzorczej spółki #CPK.
Czas z tym skończyć, #MamyDość!
#Trzaskowski2020 skończy z pisowską ojczyzną dojną.
#WyboryPrezydenckie #SilnyPrezydent"
18339275,2020-05-21 09:44:01,ikatarasinska,881775738,Iwona Śledzińska-Katarasińska,Civic Coalition,,Trwa posiedzenie senackiej komisji kultury-temat: co się zdarzyło w radiowej „Trójce”. Szczerze mówiąc głosy pani prezes radia i dyrektora „Trójki” wprawiły mnie w osłupienie. Chyba postawiono ich na te stanowiska w stanie pomroczności jasnej.PiS znów „mniej niż zero”.
18797152,2020-06-08 20:44:05,gapinska_e,3254690307,Elżbieta Gapińska,Civic Coalition,,Na Mazowszu i w Warszawie zebrano ( dotąd ) 323000 podpisów dla @trzaskowski_ Zobaczymy ile jutro będzie z Polski. Myślę ?o świetnym wyniku!!!Sami  zobaczycie.
19381285,2020-07-01 15:16:33,czeslawmroczek,1159574572708110336,Czesław Mroczek,Civic Coalition,,"Niezależne media to filar demokratycznego i obywatelskiego państwa. Andrzej Duda uderzając w media chce uciec od odpowiedzialności za swoje skandaliczne decyzje. Jednocześnie dobitnie pokazuje, że nie ma kwalifikacji do pełnienia niezwykle odpowiedzialnej funkcji prezydenta."
18101673,2020-05-12 10:22:41,MichalSzczerba,58919878,Michał Szczerba,Civic Coalition,,"Czy pan Andrzej dziś zarapowal dla pielęgniarek, a pani Agatka zrobiła maseczkę z ręcznika kuchennego? #2miliardy #hipokryciPiS"
18897931,2020-06-12 18:28:13,sibinska,182335514,Krystyna Sibińska,Civic Coalition,,"Hej, mieszkańcy powiatu krośnieńskiego; możecie mieć piękny baner, z gratisowym montażem
#TrzaskamyBanery #Trzaskowski2020"
18470071,2020-05-26 19:43:44,KLubnauer,2279602543,Katarzyna Lubnauer,Civic Coalition,,"Minister Sasin zdecydował o wydatkowaniu 68 000 000 zł bez podstawy prawnej na wybory, które się nie odbyły.

A PIS, jedyne, co ma nam do powiedzenia, to że nic się nie stało,  bo winna jest i tak opozycja.

?"
19130645,2020-06-21 17:36:00,gapinska_e,3254690307,Elżbieta Gapińska,Civic Coalition,,"Inteligentny, zna kilka języków, empatyczny, dobry mąż i ojciec, sympatyczny kolega.Kompetentny, zaangażowany, łączy, a nie dzieli ludzi.Przestrzega zasad, Konstytucji, prawa.Dba o wykluczonych, najsłabszych, wspiera prawa kobiet i osób z niepełnosprawnościami.#Trzaskowski2020"
19270043,2020-06-26 21:00:17,MJanyska,2724920673,Maria Janyska,Civic Coalition,,"Ostatnia godzina do ciszy wyborczej i ostatni przystanek #Trzaskowski2020 i wielka prośba o mobilizację, pójście na wybory. @trzaskowski_ dziękuje wszystkim za wsparcie i pozdrawia konkurentów?✌️??"
19232808,2020-06-25 15:14:22,DariuszRosati,1249486668,Dariusz Rosati,Civic Coalition,,"Mówił jeszcze o Kościuszce. 
Ale nie zapytał Trumpa dlaczego USA nakładają dodatkowe cła na import z UE, w tym z Polski."
19447884,2020-07-04 05:38:57,adamSzlapka,507995154,Adam Szłapka,Civic Coalition,,"Z okazji Święta Niepodległości USA życzę wszystkim Amerykanom i wszystkim firmom amerykańskim, działającym w Polsce by nigdy nie stali się obiektem prześladowania ze strony polskich władz. Cc @AdamBielan"
19213794,2020-06-24 21:15:41,mswitczak,1868598290,Mariusz Witczak,Civic Coalition,,"Jednak @AndrzejDuda to ma silny gen podległości. W Polsce czyni gesty wiernopoddańcze wobec Kaczyńskiego, w USA – ma Trumpa..."
19387547,2020-07-01 18:23:54,JanGrabiec,605747501,Jan Grabiec,Civic Coalition,,"Andrzej Duda zbojkotował debatę prezydencką zorganizowaną przez niezależne media. To pokazuje, jak bardzo ta władza nie znosi niezależnosci i że zrobi wszystko, żeby w przyszłości podporządkować sobie wolne media."
18283916,2020-05-19 09:10:07,TomaszSiemoniak,64759001,Tomasz Siemoniak,Civic Coalition,,"Czasy się zmieniają, ale nie aparatczycy... ""Zróbcie coś z tym Kazikiem"". Mógł dodać jeszcze ""Towarzysze, wicie, rozumicie. Pierwszy nie śpi przez waszą listę""."
18789336,2020-06-08 16:02:49,AniskoTomasz,1107260868549664768,Tomasz Aniśko,Civic Coalition,,"Dziś obchodzimy Dzień Cyrku bez Zwierząt❗️
Idąc do cyrku, oczekujecie dobrej zabawy. Zmuszanie zwierząt do nienaturalnych zachowań jak np. tańczenie na podestach, jazda na rowerze czy skakanie przez płonącą obręcz, powodują do ogromne cierpienie u naszych braci mniejszych."
18235147,2020-05-17 08:00:36,WSlugocki,857012935,Waldemar Sługocki????,Civic Coalition,,Dzisiaj mija 7 dzień przetrzymywania niewykorzystanych kart wyborczych przez Jacka Sasina. Czy pasek w TVP zajął już się tym problemem?
18283084,2020-05-19 08:37:50,ZalewskiPawel,523090325,Paweł Zalewski,Civic Coalition,,Aby wygrać wybory niezbędne jest minimum współpracy demokratycznych kandydatów i ich zaplecza. Pierwszym obszarem powinno być uzgodnienie stanowiska odnośnie warunków przeprowadzenia wyborów prezydenckich. Pisaliśmy o tym wcześniej z @kmujazdowski
18542035,2020-05-29 09:48:31,MKierwinski,308367619,Marcin Kierwiński,Civic Coalition,,"J. Sasin po głosowaniu nad wnioskiem o wotum wobec niego napisał: „Ciężka praca dla PL broni się sama!”
Już bardziej bezczelnie nie można było? 70 mln zł wyrzuconych w błoto jest dla Sasina ciężką pracą dla Polski? Gratuluje poziomu."
18214469,2020-05-16 07:13:17,JarosMichal,130116348,Michał Jaros,Civic Coalition,,"A tymczasem... Po „organizowaniu” wyborów na Prezydenta RP, których nie było Pan Premier @SasinJacek zaczął się zajmować restrukturyzowaniem górnictwa i przemysłu energetycznego. Dajcie mu może lepiej do przepisania te karty wyborcze..."
19035502,2020-06-17 20:36:03,gapinska_e,3254690307,Elżbieta Gapińska,Civic Coalition,,"W TVP Info dogrywka  dla „jedynego słusznego kandydata”, który mówi już kilka minut i podsumowuje debatę. To są „równe szanse” w debacie według standardów telewizji tak zwanej publicznej.Zwycięzcą  debaty był #Trzaskowski2020 .A w  TVP   pytają PAD-a czy czuje się wygranym????"
18788901,2020-06-08 15:44:24,KLubnauer,2279602543,Katarzyna Lubnauer,Civic Coalition,,"Dziś 599 nowych przypadków i nowy rekord dobowy. 

Wychodzimy z trendu poziomego, niestety w górę.

#SzumowskiDoDymisji !"
18625567,2020-06-02 08:25:16,OlekMiszalski,121373807,Aleksander Miszalski,Civic Coalition,,"Tymczasem w kolejnym odcinku #RodzinaNaSwoim:

Spółki z udziałem Life Science Innovations braci Szumowskich otrzymały 2⃣5⃣mln zł dotacji z Narodowego Centrum Badań i Rozwoju???

Czy Szumowski pozostanie Ministrem Zdrowia❓
Dowiemy się w kolejnym odcinku #MafiaPiS"
19030704,2020-06-17 19:26:24,GabaLenartowicz,3341806264,Gabriela Lenartowicz,Civic Coalition,,"Uchodźcy - temat zastępczy. 
Komunia - temat zastępczy. 

Co jeszcze? 

Kiedy poważne pytanie na debacie?"
18701980,2020-06-04 18:12:19,MKierwinski,308367619,Marcin Kierwiński,Civic Coalition,,"Mamy w Polsce rząd, którego największym sukcesem jest uzyskanie wotum zaufania od własnej partii. Panie premierze Morawiecki! Szacunek! Niebywały sukces!"
19030984,2020-06-17 19:30:02,waldydzikowski,1379122699,Waldy Dzikowski,Civic Coalition,,"Andrzej Duda wygląda na mocno zdenerwowanego. Rafal konkretny, spokojny, merytoryczny - mimo wyjątkowo tendencyjnych pytań od TVPiS.

#Trzaskowski2020 #SilnyPrezydent #debataprezydencka"
18351347,2020-05-21 17:56:23,CichonJanusz,360572667,Janusz Cichoń,Civic Coalition,,"Do polityki trafili wtedy ludzie, którzy chcieli zmieniać świat, pełni pomysłów i energii, zorientowani na pracę dla wspólnego dobra, nie własne korzyści!"
19104376,2020-06-20 11:27:05,PapkePawel,2340473396,Paweł Papke,Civic Coalition,,"Prezydent też człowiek, ukształtowany przez lata przez ludzi, których spotkał na swojej drodze.. 
Dzięki temu, że się nie zamyka na ludzi, rozumie ich problemy...  
#Trzaskowski2020 #SilnyPrezydent #MamyDość"
18435082,2020-05-25 13:52:55,AniskoTomasz,1107260868549664768,Tomasz Aniśko,Civic Coalition,,"?@GoTracz: ""@trzaskowski_ zaakceptował dużo naszych postulatów. Wszystkie one podzielone są na obszary - ochrona przyrody, transformacja energetyczna, ochrona zwierząt, państwo i gospodarka oraz prawa człowieka."""
18692059,2020-06-04 13:17:22,krawczyk_michal,2362525875,Michał Krawczyk,Civic Coalition,,W Lublinie od rana mamy już 1800 podpisów dla @trzaskowski_  Na lubelszczyźnie już 3500. A to zaledwie kilka godzin. Takiej energii nie było od dawna ?Jesteście wspaniali ??✌ #Trzaskowski2020 @trzaskowski2020
18538045,2020-05-29 07:16:55,MKierwinski,308367619,Marcin Kierwiński,Civic Coalition,,Rząd PiS zbudowany jest symbolach partactwa i nepotyzmu. Do rangi bohaterów urastają w nim ministrowie z konfliktem interesów jak stąd do Alaski lub wyrzucający w błoto 70 mln zł. Jeśli ktoś tam dobrze pracuje musi być uznawany przez kolegów za dziwaka.
18311123,2020-05-20 09:58:22,mswitczak,1868598290,Mariusz Witczak,Civic Coalition,,"Niewykluczone, że wyjdziemy z epidemii jako jeden z ostatnich krajów. Co wtedy PiS powie Polakom? Że rząd czekał z testami na oferty od znajomych? Żeby wydać miliony na testy nie dość, że dużo droższe niż polskie, to jeszcze trefne?!"
18306417,2020-05-20 06:35:02,MJanyska,2724920673,Maria Janyska,Civic Coalition,,"Po PiSie trzeba odbudować całe państwo. Zniszczyli nowoczesność i otwartość. Doprowadzili do wymuszonego politycznego poddaństwa, wprowadzili  cenzurę, zagrabili państwo dla siebie. @trzaskowski_  podejmuje walkę o prawdę, o prawdziwe media publiczne #Trzaskowski2020"
18742986,2020-06-06 10:29:17,MichalSzczerba,58919878,Michał Szczerba,Civic Coalition,,"Centra zdrowia 75plus, naprawdę @AndrzejDuda? Podpisał Pan #siećszpitali, która zlikwidowała oddziały geriatryczne. Zrobiła z nich internę.  Gdzie Pana wtedy był? #DudaWstyd #MamyDość"
18195537,2020-05-15 12:13:03,MichalSzczerba,58919878,Michał Szczerba,Civic Coalition,,Wiceminister sprawiedliwości PiS powierza obowiązki pierwszego prezesa SN wiceministrowi spraw zagranicznych PiS. Koledzy z rządu Kaczyńskiego. „Sędziego” opiniowała koleżanka PAD w #neoKRS. Kolega instruktor ministra dostaje 5 mln bez żadnego trybu za lewe maseczki. Koleżeństwo.
19405827,2020-07-02 12:38:39,MKierwinski,308367619,Marcin Kierwiński,Civic Coalition,,"A. Duda jest wielbicielem USA, Trumpa... Szkoda, ze nie jest wielbicielem amerykańskiej wolności mediow i atakuje TVN, który jest wlasnoscią amerykańskiego koncernu medialnego. Rozumiem, ze Duda z USA preferuje tylko rakiety i samoloty?"
18221782,2020-05-16 13:25:11,MiroslawSuchon,1704377989,Mirosław Suchoń,Civic Coalition,,".#zabawawchowanego dla #PiS to jedynie kolejny powód, aby sprawę zamieść pod dywan. W ustawie #COVID o to zadbano."
19530576,2020-07-07 18:58:30,tzimoch,1978424448,Tomasz Zimoch,Civic Coalition,,"Jacek Gursz - burmistrz Chodzieży, obnażył działania władzy! Brawo za odwagę! Człowiek 2020 roku! Czapki z głów, Panie Burmistrzu! #Chodzież #samorzad #tvn24 #hipokryzjawladzy #pisprzebilGierka"
18327017,2020-05-20 18:25:52,MichalSzczerba,58919878,Michał Szczerba,Civic Coalition,,"Jak Prezes zaczyna bronić ministra, to znaczy, że nie jest różowo. Ostatnio tak bronili kryształowego Mariana."
18107544,2020-05-12 13:36:13,BartSienkiewicz,1042408388242677761,Bartłomiej Sienkiewicz,Civic Coalition,,"W cieniu kolejnego sejmowego etapu ustalania JAKICHKOLWIEK ram dla wyborów prezydenckich (co samo w sobie jest dowodem kryzysu państwa), w Sądzie Najwyższym  trwa rzeźnia prawa. W roli rzeźnika PiSowski nominat.
Kolejna instytucja ulegająca rozkładowi pod rządami tej formacji."
18106823,2020-05-12 13:13:10,Gasiuk_Pihowicz,3401329131,Kamila Gasiuk-Pihowicz,Civic Coalition,,Andrzej Duda dla własnych korzyści politycznych zaczął psuć mechanizm dobrze działającego SN i na niego spada pełna odpowiedzialność za ten chaos i blokowanie zgodnego z prawem wyboru I Prezesa SN przez ludzi PiS.
19212114,2020-06-24 20:09:16,Dariusz_Jonski,509272614,Dariusz Joński,Civic Coalition,,"Dzięki Andrzejowi Dudzie mamy potwierdzenie tego, że jest możliwość, iż przystąpimy do rozmów, które będą dotyczyć organizacji ustaleń w sprawie spotkania na temat umowy z USA."
18384582,2020-05-23 06:43:17,MarekRzasa1,1157185489,Marek Rząsa,Civic Coalition,,"Narodziła się nowa świecka i partyjna tradycja. 
Od teraz hochsztaplerom i rodzinnym cwaniakom będę wręczane ordery.
#wystarczyniekraść"
19253022,2020-06-26 10:21:51,MJanyska,2724920673,Maria Janyska,Civic Coalition,,"Manipulacje wyborcze za granicą⁉️Takich info jak ta z Londynu ?jest b.dużo?Nie dostaliśmy do dzisiaj kart wyborczych,konsulat niby ma przyjmować przesyłki aż do niedzieli ale jak wysłać skoro poczta od pn do pt a konsulat ogłosił ze nie można przynosić osobiście..."
19032743,2020-06-17 19:53:23,ikatarasinska,881775738,Iwona Śledzińska-Katarasińska,Civic Coalition,,"Ale kompromitacja TVP- PiS ta debata. Prezes napisał pytania, Prezydent nauczył się odpowiedzi a Jacek Kurski po prostu dał ciała. Nie ma/ póki co- odpukać przełomu/Oby tak dalej."
18578572,2020-05-30 19:45:17,MichalSzczerba,58919878,Michał Szczerba,Civic Coalition,,"Spot PiS powinien nazywać się: „Kasa, nie kłótnie”! Są mistrzami w dojeniu państwa. #AferaSzumowskiego"
18230955,2020-05-16 21:10:46,JanGrabiec,605747501,Jan Grabiec,Civic Coalition,,"Każdy prowokator czy szaleniec, który odważy się podnieść rękę przeciw władzy, niech będzie pewny, że mu tę rękę władza odrąbie."
19501342,2020-07-06 17:58:31,MichalSzczerba,58919878,Michał Szczerba,Civic Coalition,,„Niemiecki kandydat” czyli #WiadomościTVPiS na cztery dni przed ciszą wyborczą. Tyrają w kampanii dniami i nocami za te #2miliardy❗️❗️❗️
18526851,2020-05-28 17:47:57,LasekMaciej,1077726788,Maciej Lasek,Civic Coalition,,"Do czego prowadzi polityczne zaślepienie #PiS?
W art.47 ust.1 było odwołanie do ... art.47 ust.1 (zamiast do art.46 ust.1). Klub Koalicji Obywatelskiej złożył poprawkę usuwającą ten błąd. PiS zagłosował przeciw.
Jak widać błąd #PiS ma według nich stawać się obowiązujacym prawem!"
18390231,2020-05-23 11:48:40,KLubnauer,2279602543,Katarzyna Lubnauer,Civic Coalition,,"W sprawie naszej wczorajszej dyskusji w Forum. @AKlarenbach 
Tak, głowa Kurskiego, jako Prezesa była elementem umowy. Wiedzą to nawet prawicowi komentatorzy.  
Prezydenta Dudę wystrychnięto na dudka."
19381323,2020-07-01 15:17:51,MWielichowska,2248939558,Monika WIELICHOWSKA,Civic Coalition,,Dziś z przedstawicielami  Polskiej  Izby Techniki Estradowej i Izby Gospodarczej Menedżerów Artystów Polskich apelowaliśmy do rządu o wsparcie branży muzycznej.  #otwieramykoncerty
19268102,2020-06-26 19:56:08,MichalSzczerba,58919878,Michał Szczerba,Civic Coalition,,"Dlaczego bank udzielający kredytu został zakryty? Dlaczego waluta, w której została udzielona została zakryta? To informacje, które powinny być jawne. Dlaczego znowu kłamią? @AndrzejDuda"
18393124,2020-05-23 13:44:51,ArkadiuszMyrcha,58348751,Arkadiusz Myrcha ✌️,Civic Coalition,,"Symbolicznie na ręce @jbrudzinski , szefa wszystkich szefów sztabowych PiS, pragnę złożyć podziękowania za decyzje i działania z ostatnich tygodni. PAD musi być zachwycony ?
Drodzy Państwo, oby więcej!"
19189262,2020-06-24 04:57:13,TomaszSiemoniak,64759001,Tomasz Siemoniak,Civic Coalition,,"Dzień jak co dzień. 4 dni przed wyborami prezydent Duda opuszcza Polskę. Nawet wizyta w zaprzyjaźnionej i sojuszniczej stolicy nie może być ważniejsza niż obecność teraz w kraju. To nie jest ""prezydent polskich spraw"". To delegat partii desperacko chwytający się cudzej brzytwy."
19034434,2020-06-17 20:18:17,waldydzikowski,1379122699,Waldy Dzikowski,Civic Coalition,,"Andrzej Duda jest już kompletnie oderwany od rzeczywistości. Pomóżmy mu zejść na ziemię. Dajmy mu dużo czasu do odpoczynku po 6 sierpnia.

#debataprezydencka"
18687519,2020-06-04 11:05:35,BartSienkiewicz,1042408388242677761,Bartłomiej Sienkiewicz,Civic Coalition,,"Trwa w Sejmie lanie betonu przez PMM na najtwardszy elektorat PiS. Chyba wyszło z badań, że elektorat się rozchodzi na miesiąc przed wyborami prezydenckimi."
19506471,2020-07-06 20:17:02,M_K_Blonska,2280346687,M. Kidawa-Błońska,Civic Coalition,,Andrzej Duda nie chciał zmierzyć się z Rafałem Trzaskowskim w prawdziwej debacie. Rafał Trzaskowski zmierzył się więc z pytaniami zadanymi przez wiele różnorodnych redakcji. Zdecydowany i merytoryczny #SilnyPrezydent Brawo? #ArenaPrezydencka
18840648,2020-06-10 13:47:26,AniskoTomasz,1107260868549664768,Tomasz Aniśko,Civic Coalition,,"? Po pierwsze - art. 32 Konstytucji RP mówi, że równość wobec prawa dotyczy wszystkich osób bez wyjątku. Dlatego należy dostosować pozostałe prawodawstwo, aby tę równość - w myśl polskiej Konstytucji - zapewnić również osobom LGBT+. 

#LGBT"
18686539,2020-06-04 10:45:16,MKierwinski,308367619,Marcin Kierwiński,Civic Coalition,,"Morawiecki w jednym z najbardziej populistycznych wystąpień pyta: „czego potrzebują Polacy? I sam odpowiada: „skuteczności, sprawiedliwości...”
Skuteczni jak transport maseczek z Chin Antonowem? Czy jak zakup maseczek od narciarza? Czy może jak 70 mln w błoto Sasina?"
19407833,2020-07-02 13:54:08,KLubnauer,2279602543,Katarzyna Lubnauer,Civic Coalition,,"Na końcu za nowe podatki i tak zapłaci „Kowalski” w kosztach zakupów. 

Uprzedzaliśmy przy bankowym,  ostrzegam przy opodatkowaniu hipermarketów. Płaci klient.

#wetoPodatkowe"
18338743,2020-05-21 09:20:28,WZembaczynski,2451775295,Witold Zembaczyński,Civic Coalition,,"Kaczyński: @SzumowskiLukasz jest „ikoną walki z pandemią” @pisorgpl ma tych ikon na pęczki
@AndrzejDuda - ikona niezależności Urzędu Prezydenta 
#Zaradkiewicz- ikona niezawisłości sędziowskiej 
@KurskiPL - ikona rzetelności dziennikarskiej 
#Banaś - ikona urzędniczej uczciwości"
18566764,2020-05-30 09:16:52,f_sterczewski,779992056,Franek Sterczewski,Civic Coalition,,"W Poznaniu i innych miastach też pojawia się coraz więcej ogródków gastro. A każdy jeden, to korzyść dla przedsiębiorcy, klienta i jakości przestrzeni publicznej. ???☕️"
18106843,2020-05-12 13:13:48,Gasiuk_Pihowicz,3401329131,Kamila Gasiuk-Pihowicz,Civic Coalition,,"Czegokolwiek ten prezydent i rząd się nie dotkną to wprowadzają chaos. 

Tak było z Trybunałem Konstytucyjnym, tak jest z wyborami, tak jest z Sądem Najwyższym. 

Najgorsze jest to, że cenę niekompetencji Dudy, Morawieckiego i spółki zapłacimy wszyscy."
18488960,2020-05-27 14:10:42,gapinska_e,3254690307,Elżbieta Gapińska,Civic Coalition,,"To żenujące, że liderzy prawicy mienią się obrońcami   Konstytucji, którą łamali.Prezes PIS z koalicjantami obwiniają opozycję (powinni siebie) za sytuację związaną z wyborami.Kaczyński twierdzi że wykorzysta wszystkie środki, aby wybory były 28 czerwca.Czyli co chce zrobić?"
18406027,2020-05-24 07:22:46,joannakluzik,904085023,Joanna Kluzik,Civic Coalition,,"Krzysztof, nie pij z rana. Jak można takie kocopały wypisywać? Kto ma w to uwierzyć? Jaka sprawiedliwa („mój ból..”), jaka bezpieczna (szaleństwa Antoniego i dewastacja armii), jaka zgoda (budujecie głębokie podziały od pierwszego dnia rządzenia)."
19033202,2020-06-17 20:01:17,tzimoch,1978424448,Tomasz Zimoch,Civic Coalition,,Nigdy więcej debaty w takiej telewizji jak obecna tvp! Kompromitacja! Zaprzeczenie mediów publicznych. #Trzaskowski2020 #koalicjaobywatelska
18687558,2020-06-04 11:06:31,KLubnauer,2279602543,Katarzyna Lubnauer,Civic Coalition,,"Atak paniki? 
PiS chce przykryć debatę nad wotum nieufności dla Szumowskiego. Podsumowanie gigantycznego konfliktu interesów, kręcenia lodów na pandemii przez znajomych władzy. Stad to wotum dla rządu.

#MamyDość takiej władzy, dlatego 28 czerwca zagłosujemy na @trzaskowski_ ‼️"
18610628,2020-06-01 14:43:48,JanGrabiec,605747501,Jan Grabiec,Civic Coalition,,"Co trzeba mieć w głowie, aby wykorzystać taki dzień do hejtu. Prostak, który niestety jest wicemarszałkiem Sejmu ?"
19108302,2020-06-20 14:28:54,MKierwinski,308367619,Marcin Kierwiński,Civic Coalition,,"A. Duda codziennie powtarza Polakom, że chce by żyło się im tak jak na Zachodzie. Dziwne, ze on i Kaczyński robią wszystko, by w Polsce było dokładnie tak jak na Wchodzie... I to przed 1989r."
18934139,2020-06-14 15:11:58,barbaraanowacka,291740186,Barbara Nowacka,Civic Coalition,,"Hej, Panie @AndrzejDuda, pytanie do Pana.
Pan spokojnie odpisze zamiast wykrzyczeć. I nie bedzue wtedy trzeba kręcić że wyrwane z kontekstu albo przeinaczone."
19201362,2020-06-24 13:11:56,Gasiuk_Pihowicz,3401329131,Kamila Gasiuk-Pihowicz,Civic Coalition,,"A.Duda swoim podpisem wprowadza właśnie w życie PiSowski program „Więzienie+” - tak można byłoby podsumować zmiany kodeksu karnego. Zostały upchnięte przez obecną władzę w najnowszej odsłonie tzw. „Tarczy 4.0”, która coraz bardziej zaczyna przypominać wysypisko prawnych śmieci."
18945372,2020-06-15 06:58:41,DariuszRosati,1249486668,Dariusz Rosati,Civic Coalition,,"Sam fakt że prezydent RP musi sie tłumaczyć przed zagranicznymi agencjami jest upokarzający dla Polski. Gorzej, że te tłumaczenia są śmieszne, bo w świat poszła już kompromitująca wypowiedz Dudy o #LGBT. 
 @AndrzejDuda kolejny raz udowadnia że nie dorósł do funkcji głowy państwa."
18351379,2020-05-21 17:57:33,Gasiuk_Pihowicz,3401329131,Kamila Gasiuk-Pihowicz,Civic Coalition,,"W sytuacji braku publikacji uchwały PKW i ogłoszenia daty wyborów - jeśli wybory prezydenckie porównalibyśmy do piłkarskiego meczu- to PiS pozwolił wybiec na boisko tylko własnej drużynie, a mimo, że mecz trwa, to drużynie R. Trzaskowskiego odmawia wciąż praw wejścia na boisko."
19006922,2020-06-17 05:56:49,DariuszRosati,1249486668,Dariusz Rosati,Civic Coalition,,"Przetłumaczę z Karnowskiego na polski: wszyscy, których przekupiliśmy 500+, 13-tą emeryturą, posadami w spółkach SP, obniżonym wiekiem emerytalnym, 5-kami Kaczyńskiego, itp, muszą się ruszyć. 
Zostawcie ludzi w spokoju. Niech zagłosują zgodnie z sumieniem."
19290161,2020-06-27 20:20:45,LasekMaciej,1077726788,Maciej Lasek,Civic Coalition,,"Mam pytanie do lotników, w szczególności latających w linii. Czy wprowadzenie kar finansowych i dyscyplinarnych za przekroczenia i odejścia od SOP jest zgodne kulturą bezpieczeństwa?"
18877067,2020-06-11 20:10:52,TomaszSiemoniak,64759001,Tomasz Siemoniak,Civic Coalition,,"Politycy PiS, którzy nie zauważają, że żołnierze USA są w Polsce od 2012 (AD w Łasku) i w dużej skali od 2014, a w latach 2008-2012 zawarto umowy o budowie tarczy USA w Redzikowie po prostu oszukują. Czego się spodziewać po ministrze obrony od odrapanych ""ławek niepodległości""?"
18427481,2020-05-25 07:35:14,ikatarasinska,881775738,Iwona Śledzińska-Katarasińska,Civic Coalition,,"Premier zapatrzył się na Prezesa ,uznał że wszystko mu wolno i wybrał się na pierogi w towarzystwie trzech obcych mu osób. Teraz tłumaczy, że nie wiedział o własnym zakazie takich spotkań.Pytanie czy wie , że to wszystko czym nas karmi od miesięcy to kłamstwo..."
18144182,2020-05-13 16:28:28,BartSienkiewicz,1042408388242677761,Bartłomiej Sienkiewicz,Civic Coalition,,"To, że dla Kaczyńskiego, po bez mała 5 latach jego rządów, nadal celem ataków jest @donaldtusk świadczy o głębokim lęku, że kiedyś Tusk wróci i odbierze mu tę operetkową  władzę (""Król Ubu""). Nie wiem czy to realne, ale wiem, że to jedyna postać, której Kaczyński się wciąż boi."
19061327,2020-06-18 17:23:14,ArkadiuszMyrcha,58348751,Arkadiusz Myrcha ✌️,Civic Coalition,,"Kantar dla „Faktów”:

Duda - 40
Trzaskowski - 32
Hołownia - 10
Bosak - 7
WKK - 3
Biedroń - 2

II tura
Duda vs Trzaskowski - po 48%
#Trzaskowski2020"
19218271,2020-06-25 06:27:37,ZalewskiPawel,523090325,Paweł Zalewski,Civic Coalition,,"A jednak w Białym Domu coś się stało. Polska zamiast mediować w konflikcie USA-Niemcy,wzięła stronę USA. Trump nie odpłacił za to spodziewaną przez PiS decyzją wojskową. Mimo to w zamian za poparcie Dudy w wyborach otrzymał deklarację zakupu technologii do elektrowni jądrowej"
19203761,2020-06-24 14:36:09,AniskoTomasz,1107260868549664768,Tomasz Aniśko,Civic Coalition,,"✅ Czas na rzetelną edukację klimatyczną❗️

⚠️ Na pewno pamiętacie, jak niedawno interweniowaliśmy w sprawie filmu na platformie edukacyjnej MEN, w którym wskazywano na ""pozytywne skutki globalnego ocieplenia"". Po naszej interwencji MEN zapowiedziało wymianę materiałów."
18874783,2020-06-11 18:39:55,MJanyska,2724920673,Maria Janyska,Civic Coalition,,"Nie ma to jak ładować akumulatory z rodziną?@trzaskowski_ życzę dużo sił, bo w wielu miejscach ludzie liczą na Twoją wizytę ? ✌️#Trzaskowski2020"
18432775,2020-05-25 11:58:48,tzimoch,1978424448,Tomasz Zimoch,Civic Coalition,,"Rzecznik warszawskiej policji mówiąc o zatrzymaniach w stolicy, sprawia wrażenie, że jest jednocześnie policjantem, prokuratorem i sędzią."
18231061,2020-05-16 21:17:23,f_sterczewski,779992056,Franek Sterczewski,Civic Coalition,,"Przyjdzie dzień, w którym słuchacze i słuchaczki, oraz ludzie radia odzyskają Trójkę i inne stacje z rąk polityków, oraz że hejterskie media narodowe znów kiedyś będą kulturalne i publiczne. To tylko kwestia czasu.✌️"
18989506,2020-06-16 14:04:18,JanGrabiec,605747501,Jan Grabiec,Civic Coalition,,"Apelujemy do sztabu Andrzeja Dudy o powstrzymanie spirali przemocy. Najpierw nienawistne słowa polityków PiS i szczucie w TVP, a teraz agresja fizyczna. Zatrzymajcie to szaleństwo @AndrzejDuda @AdamBielan @jbrudzinski"
19540647,2020-07-08 08:48:49,mswitczak,1868598290,Mariusz Witczak,Civic Coalition,,"Jakie to ma znaczenie, że @AndrzejDuda mówi, że jest przeciwnikiem pratwatyzacji lasów, skoro daliście zgodę na degradację środowiska i wycinkę puszczy w pień!"
19007899,2020-06-17 06:56:46,joannakluzik,904085023,Joanna Kluzik,Civic Coalition,,"????????? Wiktor, całą noc nad tym myślałeś?:)) To zależy wyłącznie od tego, po której stronie drzwi stajesz.  Raz będzie Ci wygodniej łapać klamkę  prawą, raz lewą ręką???? Pozdrawiam jako leworęczna."
19134135,2020-06-21 20:57:41,sibinska,182335514,Krystyna Sibińska,Civic Coalition,,"Czyli gdyby nawet było 67, to prezes Jarosław już od czterech lat jest na emeryturze? Tak się pytam, dla wnuków"
18357082,2020-05-21 22:06:57,MichalSzczerba,58919878,Michał Szczerba,Civic Coalition,,"Jeśli rodzina #Szumowskich utrzyma tempo akumulacji majątku do końca kadencji, to ma szanse znaleźć się w setce listy #Forbes.a. Jedna z najbardziej spektakularnych familijnych kariery na styku państwa i biznesu. Model postsowieckiej oligarchii nad Wisłą. #AferaSzumowskiego"
18626843,2020-06-02 09:19:21,MiroslawSuchon,1704377989,Mirosław Suchoń,Civic Coalition,,"Piękny Ustroń. To zdjęcie uświadamia, jak wiele zmieniło się w całej Polsce, także w Ustroniu. Na szczęście majestat gór i zieleń lasów nadal cieszą nasze oczy ?"
18525772,2020-05-28 17:13:46,SchetynadlaPO,4267404640,Grzegorz Schetyna,Civic Coalition,,"Zieją hejtem w TVP, pałują demonstrantów, bez żadnego trybu wydają dziesiątki milionów złotych. Boją się utraty władzy, rozliczenia i kary, którą poniosą. Każda niedemokratyczna władza w przededniu upadku krzywdzi obywateli. Wygrana @trzaskowski_ zakończy ten wstyd."
19429655,2020-07-03 10:49:59,TomaszSiemoniak,64759001,Tomasz Siemoniak,Civic Coalition,,"Szanowny Panie Premierze @JerzyBuzek, najlepsze życzenia i wyrazy szacunku z okazji wspaniałego jubileuszu. Warto uczestniczyć w życiu publicznym dla współpracy z ludźmi tak oddanymi służbie Rzeczypospolitej jak Ty, Panie Premierze. I tak sympatycznymi:) Zdrowia!"
18226107,2020-05-16 17:10:18,RKropiwnicki,1323372872,Robert Kropiwnicki,Civic Coalition,,"To skandaliczne przekroczenie uprawnień @PolskaPolicja, będziemy domagali się szczegółowych wyjaśnień. Policja musi chronić obywateli w czasie protestów, a nie zamykać ich w radiowozach."
19618026,2020-07-10 20:35:37,gapinska_e,3254690307,Elżbieta Gapińska,Civic Coalition,,"„Czym bardziej ta władza próbuje nas ograniczać, tym jesteśmy silniejsi.Dzięki za „trzaski„ w całej Polsce.Potrzebny jest nam prezydent niezależny, który w nocy śpi, a nie odbiera telefony od jednego starszego pana”-Trzaskowski w Rybniku na finale kampanii."
18513839,2020-05-28 10:27:52,M_K_Blonska,2280346687,M. Kidawa-Błońska,Civic Coalition,,"Odebraliście PKW uprawnienia do organizowania wyborów, bez żadnej podstawy prawnej zleciliście druk zbędnych kart za 68 mln zł i macie tupet obwiniać opozycję za Wasz chaos. Waszej nieudolności nie da się przykryć. Nikt się na to nie nabierze."
18410990,2020-05-24 11:14:05,joannakluzik,904085023,Joanna Kluzik,Civic Coalition,,"Taa...przez 5 miesięcy nie oglądali. Teraz 6 kowali pracuje cały czas. Mam nadzieję, że z dobrym efektem. Najtrudniej będzie z młodymi końmi, które z powodu braku kowala, mają problemy ortopedyczne. Bywa, ze nieodwracalne."
19146869,2020-06-22 13:30:16,WSlugocki,857012935,Waldemar Sługocki????,Civic Coalition,,"Sąd oddalił wniosek sztabu A.Dudy przeciwko @trzaskowski_ . Minister Gliński pisze o ""prawie uczciwym"" wyroku.  Na wiecu M.Morawiecki krzyczy ""Rafał nie kłam"" i prosi o głośne skandowanie. Premier uznany przez sąd za kłamcę w trybie wyborczym. Entuzjazmu w tłumie brak."
18339370,2020-05-21 09:48:42,MKierwinski,308367619,Marcin Kierwiński,Civic Coalition,,"Do kłopotów Szumowskiego z majątkiem i dziwnymi zamówieniami doszły kolejne: bajecznie drogie respiratory oraz kontrakt z... Żabką na „modele procesów ruchu pacjentów zakażonych SARS CoV-2.”
Wczoraj Kaczyński bronił ministra „nie do obrony”. Tak działa PiS."
19007000,2020-06-17 06:02:34,MKierwinski,308367619,Marcin Kierwiński,Civic Coalition,,"Minister Dworczyk pisze, ze rząd PiS i A. Duda działają na rzecz ekologii... Oczywiście, wystarczy pojechać do Białowieży, by się przekonać. Albo do Janowa. Nie zapominajmy o masowym odstrzale dzików...Kolejny wyborczy pic."
19461783,2020-07-04 17:32:47,barbaraanowacka,291740186,Barbara Nowacka,Civic Coalition,,"Pomorze dla @trzaskowski_ 
Wraz z @Adamowicz_Magda i wieloma wspierającymi nas osobami działamy ? #4thofJuly2020"
18910791,2020-06-13 11:53:11,KamilBortniczuk,944777492,Kamil Bortniczuk,Law and Justice,,W rzeczywistości było nawet gorzej... ale żeby dyrektor biura @bbudka chwaliła się tym w dzień po liście Rafała Trzaskowskiego do sympatyków PiS?
18425334,2020-05-24 23:38:51,AnnaPaluchSejm,953561225429966848,Anna Paluch,Law and Justice,,"Wszystkie zmiany służące zwykłym Polakom, dokonane w ostatnich 5 latach były możliwe dzięki zgodnej współpracy Prezydenta z Rządem. Pięć lat temu Polacy dobrze wybrali. #5latPAD"
19576105,2020-07-09 11:58:56,lisieckipawel,843961716,Paweł Lisiecki ???‍?‍?‍?,Law and Justice,,"Ta... a Trzaskowski wydał polecenie, aby zmęczeni kierowcy autobusów w Warszawie otrzymywali działkę amfetaminy..."
18190186,2020-05-15 08:51:44,ZbHoffmann,1175151679,Zbigniew Hoffmann #DUDA2020,Law and Justice,,"Skończył się groteskowy spektakl pt. bojkotuję-nie bojkotuję, kandyduję-nie kandyduję. Dobiega końca projekt polityczny pod nazwą #PO. #Sikorski czy #Trzaskowski to bez znaczenia. Żaden z tych panów nie ma kwalifikacji do pełnienia funkcji Prezydenta RP."
19034820,2020-06-17 20:22:52,DrabekBB,963505243886706689,Przemysław Drabek,Law and Justice,,Zdecydowane zwycięstwo w #debataprezydencka Prezydenta @AndrzejDuda ❗?? Wybory to jednak Nasze wspólne zadanie - 28 czerwca pełna mobilizacja bo #ŁączyNasPolska - zagłosujmy na bezpieczną i sprawedliwą Polskę ?? #PlanDudy #DUDA2020 #PosełDrabek ??
19528499,2020-07-07 17:34:48,rychlik_pawel,898979180532166656,Paweł Rychlik,Law and Justice,,"?? Jaka Polska będzie w przyszłości? O to są te wybory! 

1⃣2⃣ lipca głosuję na Prezydenta Andrzeja Dudę. 
Prześlij znajomym! ? 
#DUDA2020 ??????"
18605238,2020-06-01 10:17:12,MosinskiJan,753647431,Jan Mosiński #Duda2020,Law and Justice,,"Gdyby Czerska i Wiertnicza miała wątpliwości, co do transparentności działań @MZ_GOV_PL i @SzumowskiLukasz. Tylko po co tzw. „znajomy” ministra szuka rozpaczliwie pomocy u mec. Giertycha?"
19144952,2020-06-22 12:09:26,m_kaluzny,3921212205,Mariusz Kałużny,Law and Justice,,"Francję odrodzi narodowa prawica albo Francja zginie! 
Dobrze prawi @MarionMarechal krewna M.Le Pen. 
- Nie muszę przepraszać za śmierć przestępcy, Traoré, przypadkową śmierć, która nastąpiła po aresztowaniu niezwiązanym z jego kolorem skóry, ale za przestępstwa, które popełnił."
18563683,2020-05-30 05:27:07,Anna1Kwiecien,2564000304,Anna Kwiecień???,Law and Justice,,"Ks. Józef Tisnecher  powiedział: Religia jest dla mądrych. A jak ktoś jest glupi i jak chce być głupi, nie powinien do tego używać religii, nie powinien religią swojej głupoty zasłaniać."
19002934,2020-06-16 21:09:07,CzarnekP,834344635774464000,Przemysław Czarnek,Law and Justice,,"Łaskawca ten kandydat PO. Jest za doskonale funkcjonującym i modelowo wypracowanym przez ks. Prof. J. Krukowskiego z KUL, zapisanym w art. 25 Konstytucji modelem rozdziału? Czy też kandydatowi PO chodzi nie o rozdział, a o ateizację państwa?! Ale dlaczego znów jest nieprecyzyjny?"
19212124,2020-06-24 20:09:32,AnnaSiarkowska,1005935970,Anna Maria Siarkowska,Law and Justice,,"Gdyby moje dzieci, mówiły co drugie słowo na k* i ch*, spaliłabym się ze wstydu. Zaś @Latarnik_CEO pokazuje to jako normę, zachęcając młodych do... udziału w wyborach(!) Chamstwo w ciągłym natarciu."
18419806,2020-05-24 18:26:00,BorowiakJoanna,742114575559069697,Joanna Borowiak #DUDA2020 ??,Law and Justice,,Prezydent @AndrzejDuda w @tvp_info: Na najbliższe lata ważna jest dla mnie dobra współpraca z rządem. Nie słyszę tego od moich kontrkandydatów. #DUDA2020
19543266,2020-07-08 10:33:05,IwonaMichalek,534747356,Iwona Michałek,Law and Justice,,"Znakomite miejsce, gdzie odbywają się koncerty poezji śpiewanej i można zjeść znakomita pizze?@Porozumienie__ @Jaroslaw_Gowin @JEmilewicz @MarcinOciepa @JanStrzezek @DobromirSzymaMP @michalwypij @MagdalenaSroka"
19039110,2020-06-17 22:33:02,JachMicha,1469602327,Jach Michał,Law and Justice,,"Lubię (choć to takie niechrześcijańskie) czytać tweety Pana Donalda Tuska - takiego natłoku frustracji, irytacji i urażonej ambicji trudno znaleźć w wypowiedziach jakiegokolwiek innego polityka????"
18191263,2020-05-15 09:35:56,radekfogiel,18214715,Radosław Fogiel,Law and Justice,,"Jakie były ostatnie słowa towarzysza Koncuniewa przed popełnieniem samobójstwa?
- Towarzysze! Nie strzelajcie! ?

PS Niektóre źródła mówią, że chodziło o Majakowskiego."
19367607,2020-07-01 08:17:34,MosinskiJan,753647431,Jan Mosiński #Duda2020,Law and Justice,,"#Trzaskowski w Kartuzach zapewniał, źe jak zostanie prezydentem, to zawetuje wszystkie ustawy podatkowe. Dziwne, że kiedy był posłem na Sejm i rządziła koalicja PO/PSL ochoczo głosował za podnoszeniem podatków.
#RafałNieKłam"
19037076,2020-06-17 21:15:03,WeberRafal,1277767195,Rafał Weber,Law and Justice,,"Panie Prezydencie, rozpiera mnie duma z Pana prezydentury. Z tego jak przez Pana były i są prowadzone polskie sprawy. Dziękuję ???"
19029967,2020-06-17 19:16:06,mhorala,92718035,Marcin Horała,Law and Justice,,Rafał Trzaskowski ma rację. Problem realokacji uchodźców został rozwiązany w 2015. Zapomniał dodać: dzięki klęsce wyborczej rządu PO. #debataprezydencka
19033477,2020-06-17 20:04:45,PoselGonciarz,1009525135555092488,Jarosław Gonciarz,Law and Justice,,"Rafał Trzaskowski zamiast odpowiadać na pytania, atakuje TVP. Typowe zachowanie przedstawiciela Platformy Obywatelskiej - agresywna narracja i żadnych propozycji dla Polaków. 

#debataprezydencka"
18811125,2020-06-09 12:11:09,sjkaleta,368843103,Sebastian Kaleta,Law and Justice,,"W skrócie, mimo prawomocnego wyroku nie trafi za kratki. SN zdecydował się wstrzymać wykonanie kary pozbawienia wolności wobec Marka M."
19503493,2020-07-06 19:06:43,mareksuski,82592599,Marek Suski,Law and Justice,,"W tej debacie dowiemy się tego, czego nie dowiemy się od Trzaskowskiego. To właśnie program PO - czyli NIC"
19505199,2020-07-06 19:45:04,Tulajew,164761542,Sylwester Tułajew ??,Law and Justice,,"Prezydent @AndrzejDuda: Chcę dalej realizować politykę dynamicznego rozwoju naszego kraju! 
#DebataPrezydencka 
#DUDA2020 ??"
19367232,2020-07-01 08:03:57,radekfogiel,18214715,Radosław Fogiel,Law and Justice,,"Nieważne, że mowa o DODATKOWYCH respiratorach, poza tymi, które są w szpitalach, służą pacjentom i nawet w szczycie pandemii nie było groźby ich braku, w przeciwieństwie do niektórych krajów dotkniętych koronawirusem."
18411232,2020-05-24 11:26:18,TRzymkowski,1393060472,Tomasz Rzymkowski,Law and Justice,,"Za nami 5 lat aktywnej prezydentury i jestem głęboko przekonany, że przed nami kolejne 5 lat dalszej owocnej pracy dla Polski! ??????
Dziękujemy i prosimy o więcej!
#Duda2020 ??"
18420356,2020-05-24 18:46:19,BorowiakJoanna,742114575559069697,Joanna Borowiak #DUDA2020 ??,Law and Justice,,"Prezydent @AndrzejDuda w @tvp_info: w trakcie mojej kadencji czas współpracowaliśmy z rządem i to przyniosło świetne efekty. Uważam, że to był dla Polski dobry czas. Dobra współpraca z rządem gwarantuje dalszy rozwój Polski. Nie kłótnie, nie walka, a spokój i współpraca #DUDA2020"
19128321,2020-06-21 15:34:40,lisieckipawel,843961716,Paweł Lisiecki ???‍?‍?‍?,Law and Justice,,Niemcy... naród odpowiedzialny za totalitaryzm i dwie wojny światowe stawia pomnik komunistycznemu dyktatorowi.
18834384,2020-06-10 09:59:52,PoselGonciarz,1009525135555092488,Jarosław Gonciarz,Law and Justice,,"O wiarygodności Rafała Trzaskowskiego, a w zasadzie jej braku świadczy ilość niezrealizowanych obietnic w Warszawie. Fakty są takie: kandydat Platformy Obywatelskiej nie dotrzymał 72 z 77 obietnic."
18422758,2020-05-24 20:30:07,WeberRafal,1277767195,Rafał Weber,Law and Justice,,#ViaCarpatia!! ? Prezydent @AndrzejDuda wie co Polsce wschodniej jest niezmiernie potrzebnej do rozwoju komunikacji i biznesiu. Panie Prezydencie z - @MorawieckiM  @AMAdamczyk @MI_GOV_PL i @GDDKiA BUDUJEMY TĘ DROGĘ!! Dziękujemy za Pana wsparcie ? ?#AndrzejDuda2020
19502908,2020-07-06 18:51:34,KaziSmolinski,819102072993939456,Kazimierz Smoliński,Law and Justice,,#ArenaPrezydencka Trzaskowskiego to nic innego jak kolejna konferencja prasowa. Odpowiedzi Trzaskowskiego jak zawsze ogólne i wymijające. Tylko PiS to PiS tamto PiS owo. Szkoda tego słuchać bo po prostu nic nowego się nie dowiemy. Takiego prezydenta nie chcemy.
18636696,2020-06-02 15:19:37,malecki_m,2294199122,Maciej Małecki,Law and Justice,,"Niczym strażak Sam… Sam podpala i sam gasi… Tak sobie myślę, gdy słyszę, że @trzaskowski_ wprowadzi ustawę skromnościową. A gdzież to był Pan Prezydent, gdy za rządów @platforma_org prezes @PKN_Orlen zarabiał niemal dwa razy tyle co dziś? A inni prezesi, np. były minister Grad?"
19179419,2020-06-23 16:57:25,MosinskiJan,753647431,Jan Mosiński #Duda2020,Law and Justice,,"Dopóki starczy mi sił zawsze będę bronił polskiego, tradycyjnego modelu rodziny i nie pozwolę tu wprowadzać eksperymentów na nieznanym, zwłaszcza, żeby eksperymentowano używając do tego dzieci – powiedział we wtorek na spotkaniu z mieszkańcami Poronina prezydent #DUDA2020."
18248308,2020-05-17 19:00:10,LukaszSchreiber,4199460070,Łukasz Schreiber,Law and Justice,,"Pomoc finansowa już przelana na konta przedsiębiorców.Łącznie prawie 33mld‼️Stan na pocz. tygodnia:

✅24,8 mld (117k firm) - #TarczaFinansowa 
✅3,05 mld (686k prac.) -ochrona miejsc pracy 
✅3,09 mld (611k firm) - mikropożyczki  
✅1,25 mld (627k prac.) - świadczenie postojowe"
18437888,2020-05-25 15:41:06,ZbHoffmann,1175151679,Zbigniew Hoffmann #DUDA2020,Law and Justice,,"Czytam, że ten pan to cytuję: doktor habilitowany nauk prawnych, specjalista w zakresie teorii prawa. Jednak do art. 183 ust. 3 #Konstytucja jeszcze nie dotarł. Mój Boże..."
19182505,2020-06-23 18:49:40,OzdobaJacek,2302131097,Jacek Ozdoba,Law and Justice,,"Gdyby ktoś dziś pojawił się w PL to może mieć wrażenie, że politycy jednego środowiska bardziej dbają o interes Niemiec nic Polski. Ciekawiej zaczyna się robić jak zestawimy to z poglądami kto finansował i zakładał pewne środowisko."
18420737,2020-05-24 19:00:35,DrabekBB,963505243886706689,Przemysław Drabek,Law and Justice,,"Prezydent @AndrzejDuda w @tvp_info: ""Ja z nikim nie walczę, ja spokojnie załatwiam polskie sprawy. Konsekwentnie robię swoje"" Realizacja planu, którego celem jest Polska silna rodziną to wyznacznik prezydentury #PAD Tylko kolejne #5latPAD daje pewność na merytoryczną współpracę."
18654760,2020-06-03 09:22:08,lisieckipawel,843961716,Paweł Lisiecki ???‍?‍?‍?,Law and Justice,,"Ktoś rozsiewa bajki o tym, że protesty w USA to starcie antyrasistów z rasistami... Mi to wygląda na starcie tych, którzy wykorzystali zamordowanie Georga Floyda do bicia, podpalania i plądrowania, z tymi, którzy chcą spokojnie żyć i pracować, bo potępiają każde morderstwo."
19106194,2020-06-20 12:46:39,UrszulaRusecka,3346937219,Urszula Rusecka,Law and Justice,,"Rafał Trzaskowski już w Warszawie udowodnił, że dane słowo nie ma dla niego żadnego znaczenia. Niech wygra praca! Niech wygra wiarygodność! Niech wygra Polska! #RafałNieKłam #Duda2020"
18438550,2020-05-25 15:58:23,Anna1Kwiecien,2564000304,Anna Kwiecień???,Law and Justice,,"Przeciwko Polsce, przeciwko Polakom, przeciwko wszystkim obywatelom, niezależnie od poglądów, wiary, przynależności...ten człowiek nigdy tej hańby nie zmyje z siebie...nigdy, przenigdy.."
18650085,2020-06-03 05:25:36,lisieckipawel,843961716,Paweł Lisiecki ???‍?‍?‍?,Law and Justice,,"W sztabie Pierwszego Warszawiaka chcieli pokazać Rafała Trzaskowskiego jako dobrego gospodarza i uznali, że warto otworzyć jakąś zakończoną inwestycję w pobliżu warszawskiego Ratusza... Najbliższą znaleźli w Nadarzynie poza Warszawą."
18687437,2020-06-04 11:03:56,PiotrBabinetz,882917064368902146,Piotr Babinetz,Law and Justice,,"#UdzielamWotum Premier @MorawieckiM postawił sprawę jasno i powiedział sprawdzam! 
Albo #AmbitnaPolska , albo realizacja interesów tych, którzy mówią: wszystkiego #MamyDość"
19512152,2020-07-07 06:47:34,sjkaleta,368843103,Sebastian Kaleta,Law and Justice,,"To oznacza, że po ewentualnych wyborach @trzaskowski_ może otworzyć dyskusję o tym, czy
➡️obecny model #500Plus jest właściwy
➡️należy podwyższyć wiek emerytalny
➡️nadać więcej praw parom homoseksualnym

Bo przecież trudno mu znaleźć działania PAD, które można kontynuować"
19213257,2020-06-24 20:50:38,LukaszSchreiber,4199460070,Łukasz Schreiber,Law and Justice,,"Widzę po reakcjach wielkie oburzenie w związku z ciepłymi słowami @realDonaldTrump pod adresem @AndrzejDuda2020 - ""niedopuszczalna ingerencja w wybory"" i takie mądrości.

Ciekawe,że to ci sami co w południe piali z zachwytu nad poparciem europ burmistrzów dla @trzaskowski_"
19087375,2020-06-19 16:21:51,AnnaSiarkowska,1005935970,Anna Maria Siarkowska,Law and Justice,,"Uczmy się od Rumunów.
Btw. Gdyby Polska odważniej broniła wartości cywilizacji łacińskiej, łatwiej byłoby nam budować wspólny, chrześcijański front w UE z krajami Europy Środkowej i Wschodniej."
19522481,2020-07-07 13:45:42,WZubowski,875584567,Wojciech Zubowski #DUDA2020,Law and Justice,,"Dla przypomnienia - nawet jeżeli nie pracujemy w komisjach wyborczych, możemy być mężami zaufania. 
Jeżeli ktoś nie może być cały dzień - to choć na liczenie głosów. 
Strzeżonego pan Bóg strzeże, a zwolennicy RT są już gotowi na wszystko..."
19033403,2020-06-17 20:03:44,BorowiakJoanna,742114575559069697,Joanna Borowiak #DUDA2020 ??,Law and Justice,,Lekarstwem Hołowni na wsparcie ochrony zdrowia i medyków będzie systematyczne zwoływanie rady... #debataprezydencka #DUDA2020
19505236,2020-07-06 19:45:57,BorowiakJoanna,742114575559069697,Joanna Borowiak #DUDA2020 ??,Law and Justice,,"Prezydent @AndrzejDuda podczas #DebataPrezydencka2020: ostatnie 5 lat to był dla Polski dobry czas. Chciałbym tę politykę kontynuować, żeby cała Polska się rozwijała. #DUDA2020 ??"
18885163,2020-06-12 08:44:50,Anna1Kwiecien,2564000304,Anna Kwiecień???,Law and Justice,,"Pisze Pan Jerzy który przedstawia się jako katotalib uczulony na głupotę i lewactwo...To są deklaracje, a jaka jest literatura faktu to poniżej.."
19400926,2020-07-02 09:30:09,sjkaleta,368843103,Sebastian Kaleta,Law and Justice,,"Trwają, czyli nie są zakończone (taką informację przekazało wczoraj MPWiK), ponadto termin realizacji inwestycji przy zawieraniu umowy został określony na 31 października 2019 roku. Gdyby umowa była zrealizowana w terminie być może nie mielibyśmy sytuacji z poniedziałku..."
19030393,2020-06-17 19:22:15,sjkaleta,368843103,Sebastian Kaleta,Law and Justice,,"Nie było przymusu relokacji imigrantów.?

Ciężko mówić o przymusie, skoro była na to zgoda rządu Ewy Kopacz i negocjacji z udziałem @trzaskowski_."
18555334,2020-05-29 17:37:21,LukaszSchreiber,4199460070,Łukasz Schreiber,Law and Justice,,"Jest zadanie, w którym mogliby pomóc panowie @donaldtusk i @trzaskowski_ zamiast pisania chamskich tweetów i zbierania podpisów wbrew prawu. Od 15 IV czekamy na zgodę KE ws pomocy z #TarczaFinansowa dla dużych firm (25mld @Grupa_PFR ma gotowe). Chodzi o miliony miejsc pracy!!"
19600457,2020-07-10 10:00:10,SasinJacek,2827443467,Jacek Sasin,Law and Justice,,"W kwietniu br. @PKN_ORLEN dofinansował kwotą 100tys. złotych Fundację Na Ratunek Dzieciom z Chorobą Nowotworową. Fundację, w Radzie której zasiada Senator Koalicji Obywatelskiej, Alicja Chybicka. Nie ma miejsca na podwójne standardy. Wspieramy każdy pożyteczny cel. 1/2"
18386484,2020-05-23 08:45:17,WeberRafal,1277767195,Rafał Weber,Law and Justice,,"Współpraca na lini Prezydent RP @AndrzejDuda rząd @pisorgpl  pozwoliła na stworzenie dobrych, chroniących przedsiębiorców i pracowników przepisów #TarczaAntykryzysowa ?????"
19205216,2020-06-24 15:22:48,PoselGonciarz,1009525135555092488,Jarosław Gonciarz,Law and Justice,,"Współpraca z USA jest niezwykle ważna dla Polski. Łącza nas bardzo poważne interesy. Przede wszystkim współpraca militarna, energetyczna i handlowa. Ogromna w tym zasługa Prezydenta Andrzeja Dudy. Będziemy wciąż dążyć do zacieśniania tej relacji."
19107434,2020-06-20 13:46:55,WasikMaciej,710949102733885440,Maciej Wąsik #Duda2020 ??,Law and Justice,,"W tym roku przekazaliśmy dofinansowanie do 517 wozów dla OSP. Warunkiem było posiadanie wkładu własnego minimum 200 tysięcy złotych. Nie wszystkie gminy na to stać, a potrzeby są spore... #bitwaowozy"
19195368,2020-06-24 10:01:12,KaziSmolinski,819102072993939456,Kazimierz Smoliński,Law and Justice,,"Lata zaniedbań władz Warszawy @trzaskowski_ doprowadziły do tego, że ścieki znów zatruwają Wisłę. Narażone są wszystkie miejscowości na północ od Warszawy. Trzaskowski oczywiście w tej sprawie milczy. Wstydź się Trzaskowski, wstydź się Platformo. #czajka2 #RafałNieKłam"
18510285,2020-05-28 08:11:18,lisieckipawel,843961716,Paweł Lisiecki ???‍?‍?‍?,Law and Justice,,"Rafał Trzaskowski daje przykład Rządowi jak należy wspierać bezrobotnych... W Warszawie sfinansował szkolenia dla ""bezrobotnych anarchistów"". Wygląda to tak, jakby z publicznych pieniędzy warszawski Ratusz szkolił lewicowych terrorystów."
19218470,2020-06-25 06:39:47,RafalBochenek,4744832231,Rafał Bochenek,Law and Justice,,"Po co Pan @szymon_holownia idzie w tego typu narrację, skoro w poniedziałek, a najdalej we wtorek zapewne poprze kandydata Platformy @trzaskowski_ . Niepotrzebnie, bo będzie trzeba się tłumaczyć, a wtedy będzie to średnio wiarygodne? Ktoś, coś❓"
18206761,2020-05-15 18:52:49,MosinskiJan,753647431,Jan Mosiński #Duda2020,Law and Justice,,"Tusk ... nie zamierzam wyjeżdżać do Brukseli. Jestem premierem rządu. Po kilku dniach zmienił zdanie.?
Trzaskowski dwa dni temu ...  mam umowę z warszawiakami.  Wczoraj oznajmił, że będzie kandydował.?
Przekaz jest jasny, politycy @NewsPlatforma nie są wiarygodni.
#PartiaObłudy"
18384660,2020-05-23 06:52:20,JKowalski_posel,1150329318633017345,Janusz Kowalski,Law and Justice,,".@trzaskowski2020 chce ""rozwiązywać problemy i być blisko ludzi"", a zostawił samym sobie dziesiątki tysięcy przedsiębiorców czekających na wypłatę pożyczek przez administrację Warszawy. Zamiast 24h na dobę pracować dla Warszawy wywiesił białą flagę. #Narcyz #RatuszBiałejFlagi"
19305776,2020-06-28 19:00:16,MorawieckiM,939053934232195072,Mateusz Morawiecki,Law and Justice,,"Polacy dokonali dziś wyboru. Pokazali, że chcą Polski wysokich aspiracji i rozwoju. @AndrzejDuda  jest gwarantem, że Polska będzie szła w dobrym kierunku, a Dobra Zmiana będzie kontynuowana. Dziś zaczynamy walkę o zwycięstwo #DUDA2020 w II turze. #WygraPolska"
19356188,2020-06-30 18:33:45,lisieckipawel,843961716,Paweł Lisiecki ???‍?‍?‍?,Law and Justice,,"Najlepsze jest to, że jak ten PiS-owski reżim wreszcie upadnie, to o tym co wolno mówić, a czego nie, będzie decydował redaktor Tomasz Lis."
19601732,2020-07-10 10:51:51,Ireneusz_Zyska,877868124984442880,Ireneusz Zyska,Law and Justice,,"Podciągnął elastyczne majtki żeby lepiej wyglądać ? Cały Rafau, gra pozorów, manipulacja i kłamstwo ? - plastikowy kandydat‼️
#RafałNieKłam ?"
19523394,2020-07-07 14:21:23,Piotr_Wawrzyk,488004548,Piotr Wawrzyk,Law and Justice,,"PROSZĘ NIE MANIPULOWAĆ!!!!! Do konsula zgłoszono Dwie takie karty..DWIE NA 1050 WYSŁANYCH. Rozumiem, że Pana rola jest podgrzewanie atmosfery, aby utrzymać mobilizację zwolenników RT, ale proszę nie robić tego oczerniając ciężko pracujących członków komisji wyborczych. WSTYD!!!"
18712412,2020-06-05 07:19:36,lisieckipawel,843961716,Paweł Lisiecki ???‍?‍?‍?,Law and Justice,,"Rafał Trzaskowski w Oświęcimiu: „Prezydent powinien stać przy słabszych, pokrzywdzonych...” No więc... Co On zrobił dla pokrzywdzonych w aferze reprywatyzacyjnej w Warszawie? Dlaczego nie wypłacił im odszkodowań? Dlaczego nie chce przyjąć kamienic odebranych złodziejom?"
19506191,2020-07-06 20:09:28,MarzenaMachalek,198445724,Marzena Machałek#Duda2020??????,Law and Justice,,"Prezydent @AndrzejDuda podczas #DebataPrezydencka: Chcę, aby każda rodzina w Polsce mogła korzystać z Internetu. To element nowoczesnego rozwoju. #DUDA2020"
18687034,2020-06-04 10:54:37,malecki_m,2294199122,Maciej Małecki,Law and Justice,,Premier @MorawieckiM w #sejm : Niektórzy z was w opozycji chwalą się znajomością wielu języków. Nauczcie się wreszcie jednego języka: polskich interesów.
19032489,2020-06-17 19:49:26,a_czartoryski,4062355756,ArkadiuszCzartoryski,Law and Justice,,"#DUDA2020   Trzaskowski w części gospodarczej debaty ponownie przeciw polskim inwestycjom takim jak budowa Centralnego Portu Komunikacyjnego, Kosiniak o dobrowolnym ZUS-ie a jak rządził podniósł wiek emerytalny."
18909448,2020-06-13 10:47:42,lisieckipawel,843961716,Paweł Lisiecki ???‍?‍?‍?,Law and Justice,,"Budynek przy Stalowej 47 nie należał do Jana Śpiewaka. O ile się nie mylę, to nabył tam lokal na rynku wtórnym."
19030324,2020-06-17 19:21:38,KacperPlazynski,1625407788,Kacper Płażyński,Law and Justice,,"#Trzaskowski kolejny raz nie odpowiada na zadane pytanie, zamiast tego mówi o ""szczuciu"". Kandydat, który zatrudnił w warszawskim ratuszu i do swojej kampanii ludzi z soku z buraka. Największego bagna w internecie.
Złodziej krzyczy łap złodzieja.
#debataprezydencka
#kandydatHejtu"
18439057,2020-05-25 16:11:55,CzarnekP,834344635774464000,Przemysław Czarnek,Law and Justice,,"Mój Boże.....??... Zdaniem tego eksperta sformułowanie ""spośród 5 kandydatów"" oznacza, że Prezydent może powołać tylko tego pierwszego. Czy mógłby Pan wyjaśnić Profesorze po co zatem prawo nakazuje przedstawienie Prezydentowi pozostałych czterech? Logikę mieliście na studiach?"
18950030,2020-06-15 09:49:55,KaziSmolinski,819102072993939456,Kazimierz Smoliński,Law and Justice,,"Jesli się mylę to poprawcie mnie ale wygląda na to, że Pan Budka nie odpowiedział na żadne pytanie redaktora Mazurka w @rmf_fm. Na żadne. To jest właśnie Platforma w całej okazałości. Bez programu, bez pomysłu na Polskę. Taki też jest Trzaskowski. Pamiętajmy o tym 28 czerwca."
18481542,2020-05-27 10:04:56,AnnaPaluchSejm,953561225429966848,Anna Paluch,Law and Justice,,"Jedyne przejawy działalności P. Prof.Łętowskiej, które mogę zaakceptować, to audycje z muzyką klasyczną w Dwójce, które dawno temu prowadziła wraz z mężem . Jej działalność jako RPO to listek figowy dla Jaruzelskiego, a ostatnie „rewelacje” o marszałku Grodzkim to jakiś skandal."
19523251,2020-07-07 14:15:33,MarzenaMachalek,198445724,Marzena Machałek#Duda2020??????,Law and Justice,,"Prezydent @AndrzejDuda w #Augustów: Chcę nadal wzmacniać nasze bezpieczeństwo i sojusze. W naszym interesie jest, byśmy trwali w dobrych relacjach ze Stanami Zjednoczonymi. #DUDA2020"
19164326,2020-06-23 08:36:30,MartaKubiak8,1049245884305874945,Marta Kubiak,Law and Justice,,"?Z Okazji Dnia Ojca, wszystkim Tatom składam najserdeczniejsze życzenia. Zdrowia i dumy z pociech!

Marta Kubiak
Poseł na Sejm RP"
19107585,2020-06-20 13:54:33,PiotrGlinski,1239047983,Piotr Gliński,Law and Justice,,"Ekipa #Trzaskowski2020 nie zgodziła się na budowę w stolicy pomnika gen. Rozwadowskiego. Smutne. Szacunek i pamięć należy się wszystkim Ojcom Niepodległości, dlatego budujemy Muzeum Piłsudskiego oraz Instytut Dmowskiego i Paderewskiego, finansowaliśmy pomnik Daszyńskiego. 1/2"
19032495,2020-06-17 19:49:35,BorowiakJoanna,742114575559069697,Joanna Borowiak #DUDA2020 ??,Law and Justice,,"Trzaskowski zamiast odpowiedzieć czy euro czy złotówki, znów o gigantomanii. Cały czas ciągnie wilka do lasu - po co nam CPK, skoro mamy lotnisko w Berlinie... #debataprezydenta #DUDA2020"
19506350,2020-07-06 20:14:08,KamilBortniczuk,944777492,Kamil Bortniczuk,Law and Justice,,"Tymczasem w czasie tzw. ""Debaty Trzaskowskiego"" pytania zadaje podobno urzędnik z warszawskiego Żoliborza. Ciekawe, czy było trudne...#debataprezydencka2020"
18744969,2020-06-06 11:45:36,TRzymkowski,1393060472,Tomasz Rzymkowski,Law and Justice,,"Obserwując toczącą się kampanie wyborczą odnoszę nieodparte wrażenie, że Prezydent RP Andrzej Duda walczy z problemami Państwa i Narodu, a inni kandydaci walczą z Andrzejem Dudą #DUDA2020 #PlanDudy"
18780248,2020-06-08 09:16:31,gontarz93,1027084138317336576,Robert Gontarz,Law and Justice,,"Uwaga!!! Przecieki dla tegorocznych maturzystów. Za rok będziecie się z tego śmiali :) Zobaczycie, będzie dobrze, a tym czasem POWODZENIA!!!"
18566156,2020-05-30 08:44:34,IwonaMichalek,534747356,Iwona Michałek,Law and Justice,,"Zapraszam Panie Prezydencie do Torunia, gdzie żużel ma wielkie tradycje i najpiękniejszy stadion żużlowy na świecie?.@Porozumienie__ ,@Jaroslaw_Gowin,@JEmilewicz,@DMadrzejewski,@DobromirSzymaMP,@michalwypij,@GrzPiechowiak,@Stan_Bukowiec,@MarcinOciepa,@MagdalenaSroka,@JanStrzezek"
19413251,2020-07-02 17:04:41,sjkaleta,368843103,Sebastian Kaleta,Law and Justice,,"Przez godzinę kombinowali, ale oczywiście sie zorientowałem, że wysłali Nitrasa jako obstawę i zakrzyczenie by zmienić miejsce konferencji (pierwotnie planowana na dole). Ostatnią deską ratunku był fizyczny atak na mnie."
19584694,2020-07-09 17:08:54,JoannaLichocka,59783143,Joanna Lichocka,Law and Justice,,"Chciałbym, żeby aborcja eugeniczna została ograniczona do przypadków zupełnie skrajnych - Prezes Jarosław Kaczyński w @RadioMaryja i @TV_Trwam"
19008841,2020-06-17 07:33:18,sjkaleta,368843103,Sebastian Kaleta,Law and Justice,,"Najpierw na skutek wniosku o ściganie złożonego przez @trzaskowski_ mężczyzna usłyszał zarzuty, a teraz Trzaskowski wycofuje wniosek i stroi sie piórka wybawcy. Dodatkowo atakuje media, które nie boją sie cytować jego słów z przeszłości i zadawać o nie pytania."
19031504,2020-06-17 19:37:08,radekfogiel,18214715,Radosław Fogiel,Law and Justice,,"Rafał Trzaskowski kolejny raz o darmowych żłobkach - ryzykowne, biorąc pod uwagę jak bardzo nie wyszło mu to w Warszawie.
#debataprezydencka #DUDA2020"
18102470,2020-05-12 10:49:40,LukaszSchreiber,4199460070,Łukasz Schreiber,Law and Justice,,"Ws głosowania dla osób w kwarantannie, @pisorgpl w autopoprawce dodaje zapis:

„Wyborca, który rozpoczął podleganie obowiązkowej kwarantannie, izolacji lub izolacji w warunkach domowych (...), może zgłosić zamiar głosowania korespondencyjnego do 2 dnia przed dniem wyborów”"
19413331,2020-07-02 17:07:39,l_dobrzynski,2979663893,Leszek Dobrzyński,Law and Justice,,"Cóż, zachowanie Nitrasa od dawna spełnia wszelkie przesłanki zawarte w definicji „Patologia ogólnie mówiąc to nieumiejętność radzenia sobie w sytuacjach stresowych. z niedostosowaniem się do norm, wzorów i wartości, które są powszechne w danej grupie, w danym społeczeństwie”"
19031671,2020-06-17 19:39:16,LatosTomasz,873380378,Tomasz Latos,Law and Justice,,Rafał Trzaskowski mówi o darmowych żłobkach. Proponuję zacząć od Warszawy. Oczekuję jutro decyzji w ratuszu. #Duda2020
19124568,2020-06-21 12:31:24,IwonaMichalek,534747356,Iwona Michałek,Law and Justice,,To niesamowite‼️ DZIĘKUJĘ? @JEmilewicz @GrzPiechowiak @MagdalenaSroka @Stan_Bukowiec @Cieslak_Mich @k_cieciora @MarcinOciepa @DobromirSzymaMP @DMadrzejewski
19277462,2020-06-27 09:25:06,D_Tarczynski,347228796,Dominik Tarczyński MEP,Law and Justice,,"No to widzę, że nauki poszły w las czego dowodem jest niszczenie bliźniego przez złodziejską reprywatyzację.

Proszę mnie nie zaczepiać."
19620395,2020-07-10 21:59:35,Piotr_Wawrzyk,488004548,Piotr Wawrzyk,Law and Justice,,"Ja mogę spojrzeć w lustro. Pan na pewno nie. Za te wszystkie manipulacje, bzdurne zarzuty, brak znajomości przepisów, obrażanie ciężko pracujących członków komisji wyborczych. Ale rozumiem, Partia kazała, to został Pan hejterem dla MSZ. Takie standardy w PO."
19506308,2020-07-06 20:12:56,WasikMaciej,710949102733885440,Maciej Wąsik ??,Law and Justice,,"PAD zapowiada powszechny dostęp dla Polakow do szerokopasmowego internetu. 
I wiecie co? Prędzej dzięki  @AndrzejDuda  moja Mama bedzie miala internet na wsi pod Ciechanowem, niż ja wodociąg czy kanalizację w rzadzonym przez @Platforma_org i @trzaskowski_ warszawskim Wawrze"
19034628,2020-06-17 20:20:27,JoannaLichocka,59783143,Joanna Lichocka,Law and Justice,,"Przygotowali to jeszcze przed debatą i teraz tym jadą:) Słabiutki Trzaskowski, znacznie słabszy od Hołowni, i teraz jest płacz w sztabie PO. A wygrał Andrzej Duda. Tylko #DUDA2020"
18567765,2020-05-30 10:05:44,radekfogiel,18214715,Radosław Fogiel,Law and Justice,,"Jedna z kluczowych inwestycji infrastrukturalnych. Tymczasem Rafał Trzaskowski twierdzi, że nie powinno się jej realizować i obiecał to Zielonym w zamian za ich poparcie - choć w Sejmie głosował za budową przekopu. Tak łatwo przehandlował ważne sprawy dla politycznego interesu."
19213213,2020-06-24 20:48:50,lisieckipawel,843961716,Paweł Lisiecki ???‍?‍?‍?,Law and Justice,,"Już słychać biadolenie. „Wizyta Prezydenta Dudy w Białym Domu skutkować będzie tym, że Polska zdenerwuje UE, a przede wszystkim Niemcy. A to wiązać się będzie z poważnymi konsekwencjami”... granicę Niemiec i Polski przekroczą wojska amerykańskie."
19397665,2020-07-02 07:27:24,MosinskiJan,753647431,Jan Mosiński #Duda2020,Law and Justice,,"Dzisiaj akcja ulotkowa popierająca najlepszego kandydata #DUDA2020. Będziemy w Pleszewie, Dobrzycy i Kotlinie.
Dobrego dnia prawi.?????
#ŁączyNasPolska"
19035515,2020-06-17 20:36:16,Andruszkiewicz1,3106178813,Adam Andruszkiewicz,Law and Justice,,"Rozwój gospodarczy, strategiczne inwestycje, tradycyjna Rodzina ze wsparciem państwa, polski złoty,  zatrzymanie islamskiej imigracji - to właśnie @AndrzejDuda2020 - to właśnie silna, bezpieczna i bogata Polska! ??? 28 czerwca wszyscy wybieramy #DUDA2020 ???!"
19032399,2020-06-17 19:47:59,PiotrMuller,121679076,Piotr Müller - rzecznik rządu,Law and Justice,,Dzisiaj @trzaskowski_ mówi o skutecznym działaniu? W Warszawie czeka jeszcze ponad 50 tysięcy osób na przyznanie pomocy w ramach mikropożyczek finansowanych ze środków rządowych. Kiedy wreszcie warszawska administracja je przekaże? #debataprezydencka
18410828,2020-05-24 11:05:23,GrzegorzPuda,4178250520,Grzegorz Puda,Law and Justice,,"Dziś mija 5 lat kiedy oddałem głos na PAD. Po tym okresie można jasno powiedzieć było warto! I to nie dlatego, że poprzednik był jaki był, ale właśnie dlatego, że @AndrzejDuda przez te 5 lat zawsze był z Polakami!! Dziękujemy!!"
18121227,2020-05-12 20:54:40,LukaszSchreiber,4199460070,Łukasz Schreiber,Law and Justice,,"Ustawa o szczeg. zasadach organizacji wyborów na Prezydenta RP przyjęta przez Sejm! Dziękuję za współpracę Premier @JEmilewicz i prof. @CzarnekP. Dziękuję za poparcie Klubom @pisorgpl i @KONFEDERACJA_

Teraz czekamy na Senat! Niestety lider PO już zapowiedział długie prace..."
18746361,2020-06-06 12:46:32,V_Porowska,1007273967906951168,Violetta Porowska,Law and Justice,,"Trzaskowski ma dwubiegunowość ostatnio: pokochał L. Kaczyńskiego, ale ulicę zlikwidował, mówił, że 500+ jest rozdwnictwem, dziś twierdzi, że to poważny program społeczny, chwalił się, że nie puścił syna do pierwszej komunii, a dziś jest żaliwym katolikiem, czekam aż wstąpi do PiS"
